MainVerb,Matrix_SRLF
#06: desear,4
#01: esperar,5.73684211
#04: necesitar,6.23684211
#08: ordenar,5.05263158
#05: pedir,5.5
#03: permitir,4.36842105
#02: querer,6.52631579
#07: sugerir,3.10526316