MainVerb,Matrix_SRLF
#06: desear,4.14893617
#01: esperar,5.80851064
#04: necesitar,6.40425532
#08: ordenar,5.08510638
#05: pedir,5.76595745
#03: permitir,4.4893617
#02: querer,6.55319149
#07: sugerir,3.29787234