Item,Mean_Frequency,Lemma
atar,1.65217391,15876
bailar,4.56521739,29935
dejar,6.06521739,696519
desear,4.10869565,148807
enviar,4.63043478,766523
esperar,5.7826087,1409514
necesitar,6.39130435,593469
ordenar,5.10869565,65158
pedir,5.7826087,432187
permitir,4.47826087,935997
prestar,4.7173913,73724
quedar,5.32608696,947469
querer,6.56521739,1263949
robar,3.15217391,28182
sugerir,3.26086957,88224
tomar,6.23913043,506707
tratar,5.60869565,590952
viajar,4.26086957,78141