SubVerb,Sub_SRLF
#01: quedar,5.236842105
#02: enviar,4.473684211
#03: dejar,5.947368421
#04: tratar,5.657894737
#05: tomar,6.078947368
#06: viajar,4.105263158
#07: prestar,4.5
#08: bailar,4.421052632
#09: robar,2.921052632
#10: atar,1.526315789